fotograma,tipo_objeto,confianza,identificador_tracking,x1,y1,x2,y2,matricula_en_su_caso,confianza_matricula,mx1,my1,mx2,my2,texto_matricula
1,persona,0.3578423,1,268,230,323,323,0,,,,,,
1,persona,0.26979327,2,407,245,428,270,0,,,,,,
2,persona,0.24948065,1,269,231,326,323,0,,,,,,
2,persona,0.2258417,2,407,245,427,270,0,,,,,,
3,persona,0.25485283,1,269,231,326,322,0,,,,,,
3,persona,0.24765255,2,407,246,427,271,0,,,,,,
4,persona,0.27045655,1,269,231,326,322,0,,,,,,
4,persona,0.32668045,2,407,245,426,272,0,,,,,,
5,persona,0.29240096,1,269,231,326,322,0,,,,,,
5,persona,0.35988677,2,407,244,427,274,0,,,,,,
6,persona,0.30878136,1,269,231,326,322,0,,,,,,
6,persona,0.36025456,2,407,244,426,275,0,,,,,,
7,persona,0.31623295,1,269,231,326,322,0,,,,,,
7,persona,0.35011792,2,406,243,426,275,0,,,,,,
8,persona,0.32390144,1,269,231,324,322,0,,,,,,
8,persona,0.34915245,2,406,243,426,276,0,,,,,,
9,persona,0.309729,1,269,231,324,322,0,,,,,,
9,persona,0.35433996,2,404,243,425,278,0,,,,,,
10,persona,0.31204987,1,269,230,324,322,0,,,,,,
10,persona,0.365792,2,403,244,424,280,0,,,,,,
11,persona,0.296656,1,268,230,324,322,0,,,,,,
11,persona,0.35014594,2,403,244,424,281,0,,,,,,
12,persona,0.28996325,1,268,230,322,322,0,,,,,,
12,persona,0.37259412,2,402,244,424,284,0,,,,,,
13,persona,0.32005495,1,269,231,312,322,0,,,,,,
13,persona,0.3849684,2,402,244,423,284,0,,,,,,
14,persona,0.2931725,1,269,231,308,321,0,,,,,,
14,persona,0.4120276,2,402,244,423,287,0,,,,,,
15,persona,0.31186795,1,269,231,305,321,0,,,,,,
15,persona,0.42593065,2,402,244,423,288,0,,,,,,
16,persona,0.3446879,1,269,231,309,321,0,,,,,,
16,persona,0.4649221,2,402,243,422,289,0,,,,,,
17,persona,0.34079123,1,269,231,312,321,0,,,,,,
17,persona,0.47897607,2,402,243,423,290,0,,,,,,
18,persona,0.33180377,1,269,231,308,321,0,,,,,,
18,persona,0.4429742,2,402,243,423,289,0,,,,,,
19,persona,0.33096495,1,269,231,306,321,0,,,,,,
19,persona,0.40276092,2,402,243,422,287,0,,,,,,
20,persona,0.3334388,1,269,231,305,321,0,,,,,,
20,persona,0.44624585,2,401,243,422,288,0,,,,,,
21,persona,0.35911077,1,269,231,304,321,0,,,,,,
21,persona,0.50661135,2,401,242,422,289,0,,,,,,
22,persona,0.36766565,1,269,231,305,321,0,,,,,,
22,persona,0.4996281,2,401,242,421,290,0,,,,,,
23,persona,0.3865852,1,268,230,303,321,0,,,,,,
23,persona,0.5660091,2,400,241,421,291,0,,,,,,
24,persona,0.38819125,1,268,230,302,321,0,,,,,,
24,persona,0.6029122,2,400,241,421,292,0,,,,,,
25,persona,0.4042927,1,268,230,303,321,0,,,,,,
25,persona,0.6167917,2,399,241,420,292,0,,,,,,
26,persona,0.38129553,1,268,230,301,321,0,,,,,,
26,persona,0.6336266,2,399,241,421,293,0,,,,,,
27,persona,0.37401474,1,268,230,300,321,0,,,,,,
27,persona,0.64758354,2,399,242,421,293,0,,,,,,
28,persona,0.38131312,1,268,230,300,321,0,,,,,,
28,persona,0.6491976,2,399,242,421,292,0,,,,,,
29,persona,0.38367486,1,268,230,300,321,0,,,,,,
29,persona,0.6689593,2,398,242,420,293,0,,,,,,
30,persona,0.36420128,1,268,230,299,321,0,,,,,,
30,persona,0.62683445,2,398,242,421,294,0,,,,,,
31,persona,0.36977747,1,268,230,299,321,0,,,,,,
31,persona,0.64417726,2,398,242,420,294,0,,,,,,
32,persona,0.38203442,1,268,230,300,321,0,,,,,,
32,persona,0.6830798,2,398,242,420,294,0,,,,,,
33,persona,0.3764312,1,268,230,301,321,0,,,,,,
33,persona,0.67050534,2,397,241,420,295,0,,,,,,
34,persona,0.37795615,1,268,230,301,321,0,,,,,,
34,persona,0.6932819,2,397,242,420,295,0,,,,,,
35,persona,0.3732203,1,268,230,301,321,0,,,,,,
35,persona,0.69190484,2,397,242,420,295,0,,,,,,
36,persona,0.3804009,1,268,230,301,321,0,,,,,,
36,persona,0.6893158,2,397,243,420,295,0,,,,,,
37,persona,0.35064885,1,268,231,299,321,0,,,,,,
37,persona,0.668193,2,397,243,419,294,0,,,,,,
38,persona,0.36412397,1,268,231,298,320,0,,,,,,
38,persona,0.6633786,2,396,242,419,294,0,,,,,,
39,persona,0.35725704,1,268,231,298,320,0,,,,,,
39,persona,0.63572043,2,396,241,419,294,0,,,,,,
40,persona,0.335561,1,268,231,299,320,0,,,,,,
40,persona,0.6168497,2,395,241,418,294,0,,,,,,
41,persona,0.3230645,1,268,231,299,320,0,,,,,,
41,persona,0.66026205,2,395,241,419,295,0,,,,,,
42,persona,0.33764583,1,268,231,299,320,0,,,,,,
42,persona,0.6936771,2,394,241,419,295,0,,,,,,
43,persona,0.33241054,1,268,231,299,320,0,,,,,,
43,persona,0.6813868,2,394,242,419,295,0,,,,,,
44,persona,0.33329237,1,268,231,299,320,0,,,,,,
44,persona,0.6949437,2,394,242,420,295,0,,,,,,
45,persona,0.3299537,1,268,231,299,320,0,,,,,,
45,persona,0.7375163,2,394,242,419,295,0,,,,,,
46,persona,0.3268544,1,268,231,299,320,0,,,,,,
46,persona,0.74005646,2,393,242,419,295,0,,,,,,
47,persona,0.33323693,1,268,231,299,320,0,,,,,,
47,persona,0.722387,2,393,242,418,296,0,,,,,,
48,persona,0.32521886,1,268,231,299,320,0,,,,,,
48,persona,0.69363326,2,392,242,418,296,0,,,,,,
49,persona,0.41046655,1,268,230,300,321,0,,,,,,
49,persona,0.71708816,2,392,242,418,296,0,,,,,,
50,persona,0.3899535,1,268,229,299,321,0,,,,,,
50,persona,0.72125536,2,392,243,418,297,0,,,,,,
50,persona,0.3062216,6,268,229,316,323,0,,,,,,
51,persona,0.3898336,1,268,229,299,321,0,,,,,,
51,persona,0.7043135,2,392,243,417,296,0,,,,,,
51,persona,0.29897776,6,268,229,317,321,0,,,,,,
52,persona,0.39636976,1,268,229,299,321,0,,,,,,
52,persona,0.6730896,2,392,243,417,296,0,,,,,,
52,persona,0.30929258,6,268,229,317,321,0,,,,,,
53,persona,0.38156387,1,268,229,298,321,0,,,,,,
53,persona,0.67977834,2,392,242,416,295,0,,,,,,
53,persona,0.2961993,6,268,230,317,320,0,,,,,,
54,persona,0.3719283,1,268,229,299,321,0,,,,,,
54,persona,0.71697205,2,392,241,416,296,0,,,,,,
54,persona,0.28642714,6,269,230,317,320,0,,,,,,
55,persona,0.37522918,1,268,229,300,321,0,,,,,,
55,persona,0.70385146,2,391,240,417,296,0,,,,,,
55,persona,0.29685384,6,269,230,318,320,0,,,,,,
56,persona,0.36885223,1,268,230,301,321,0,,,,,,
56,persona,0.69885963,2,391,239,416,296,0,,,,,,
56,persona,0.29170394,6,269,230,318,320,0,,,,,,
57,persona,0.362073,1,268,230,302,321,0,,,,,,
57,persona,0.7112029,2,391,239,416,297,0,,,,,,
57,persona,0.2909484,6,269,230,319,320,0,,,,,,
58,persona,0.34719735,1,268,230,302,321,0,,,,,,
58,persona,0.7402308,2,391,240,416,297,0,,,,,,
58,persona,0.2727874,6,269,230,319,320,0,,,,,,
59,persona,0.34771362,1,269,230,304,321,0,,,,,,
59,persona,0.74530774,2,391,240,416,297,0,,,,,,
59,persona,0.28413972,6,269,230,323,321,0,,,,,,
60,persona,0.36592168,1,268,230,305,321,0,,,,,,
60,persona,0.70832366,2,390,241,416,297,0,,,,,,
60,persona,0.30800515,6,269,229,325,322,0,,,,,,
61,persona,0.33808208,1,269,230,301,321,0,,,,,,
61,persona,0.68674433,2,390,241,417,297,0,,,,,,
61,persona,0.2367983,6,269,229,326,322,0,,,,,,
62,persona,0.3385556,1,269,231,299,321,0,,,,,,
62,persona,0.68596137,2,389,241,417,296,0,,,,,,
62,persona,0.23011795,6,269,230,326,322,0,,,,,,
63,persona,0.337957,1,269,231,298,321,0,,,,,,
63,persona,0.72736025,2,390,240,417,297,0,,,,,,
63,persona,0.23229764,6,269,230,326,322,0,,,,,,
64,persona,0.33254415,1,269,231,300,321,0,,,,,,
64,persona,0.73687094,2,390,240,417,297,0,,,,,,
64,persona,0.23848975,6,269,230,326,323,0,,,,,,
65,persona,0.32759348,1,269,231,300,322,0,,,,,,
65,persona,0.7382501,2,390,240,417,298,0,,,,,,
65,persona,0.2337479,6,269,230,326,324,0,,,,,,
66,persona,0.3117419,1,269,231,301,322,0,,,,,,
66,persona,0.7061005,2,389,241,416,298,0,,,,,,
66,persona,0.21846914,6,269,230,326,324,0,,,,,,
67,persona,0.3196794,1,269,231,301,321,0,,,,,,
67,persona,0.67608756,2,389,241,416,298,0,,,,,,
67,persona,0.22767107,6,269,230,326,323,0,,,,,,
68,persona,0.32519275,1,269,231,301,322,0,,,,,,
68,persona,0.65579855,2,388,242,415,298,0,,,,,,
68,persona,0.25356895,6,269,232,326,324,0,,,,,,
69,persona,0.3294389,1,269,231,301,322,0,,,,,,
69,persona,0.6303899,2,388,242,414,298,0,,,,,,
69,persona,0.25936997,6,269,232,326,324,0,,,,,,
70,persona,0.33488125,1,269,231,302,322,0,,,,,,
70,persona,0.6739835,2,387,241,415,299,0,,,,,,
70,persona,0.26133844,6,269,232,326,324,0,,,,,,
71,persona,0.33557373,1,269,231,304,322,0,,,,,,
71,persona,0.6469322,2,387,240,415,300,0,,,,,,
71,persona,0.2920085,6,269,232,326,324,0,,,,,,
72,persona,0.32192492,1,269,231,306,322,0,,,,,,
72,persona,0.68203783,2,387,240,416,300,0,,,,,,
72,persona,0.288007,6,269,232,326,324,0,,,,,,
73,persona,0.19939281,1,269,230,303,319,0,,,,,,
73,persona,0.66809666,2,386,240,415,300,0,,,,,,
73,persona,0.33747962,6,269,231,322,323,0,,,,,,
74,persona,0.19642372,1,269,229,302,318,0,,,,,,
74,persona,0.6434295,2,386,240,415,301,0,,,,,,
74,persona,0.32049242,6,269,229,321,323,0,,,,,,
75,persona,0.1804761,1,269,228,302,316,0,,,,,,
75,persona,0.59710693,2,386,240,416,301,0,,,,,,
75,persona,0.3193443,6,269,229,322,323,0,,,,,,
76,persona,0.18315887,1,269,228,302,315,0,,,,,,
76,persona,0.6498657,2,386,240,415,301,0,,,,,,
76,persona,0.33205256,6,268,228,323,323,0,,,,,,
77,persona,0.18639506,1,269,228,301,312,0,,,,,,
77,persona,0.60761994,2,386,241,415,302,0,,,,,,
77,persona,0.32030338,6,268,228,323,323,0,,,,,,
78,persona,0.1958886,1,269,228,301,310,0,,,,,,
78,persona,0.6373143,2,386,241,415,302,0,,,,,,
78,persona,0.3300535,6,268,228,322,323,0,,,,,,
79,persona,0.1951332,1,269,228,301,311,0,,,,,,
79,persona,0.58259857,2,387,240,416,301,0,,,,,,
79,persona,0.34036228,6,268,228,321,323,0,,,,,,
80,persona,0.2028053,1,269,228,301,312,0,,,,,,
80,persona,0.54732406,2,387,240,417,301,0,,,,,,
80,persona,0.3555666,6,268,228,320,322,0,,,,,,
81,persona,0.19193543,1,269,228,302,313,0,,,,,,
81,persona,0.58179396,2,387,240,417,301,0,,,,,,
81,persona,0.35382196,6,268,228,321,323,0,,,,,,
82,persona,0.18784934,1,269,227,302,315,0,,,,,,
82,persona,0.5983977,2,387,241,417,301,0,,,,,,
82,persona,0.3583758,6,268,227,322,323,0,,,,,,
83,persona,0.19982396,1,269,227,302,317,0,,,,,,
83,persona,0.62859315,2,386,241,417,302,0,,,,,,
83,persona,0.368184,6,268,227,323,323,0,,,,,,
84,persona,0.21218477,1,269,227,302,318,0,,,,,,
84,persona,0.6541821,2,386,241,417,303,0,,,,,,
84,persona,0.37842524,6,268,227,323,323,0,,,,,,
85,persona,0.16318549,1,269,229,303,319,0,,,,,,
85,persona,0.61702174,2,389,242,417,302,0,,,,,,
85,persona,0.30939206,6,268,229,322,323,0,,,,,,
86,persona,0.17438447,1,269,229,304,320,0,,,,,,
86,persona,0.54038227,2,389,242,417,303,0,,,,,,
86,persona,0.32932323,6,268,230,322,323,0,,,,,,
86,persona,0.4085694,7,383,241,407,302,0,,,,,,
87,persona,0.1680841,1,269,230,305,321,0,,,,,,
87,persona,0.5101101,2,390,242,417,304,0,,,,,,
87,persona,0.33022642,6,268,230,323,323,0,,,,,,
87,persona,0.38836926,7,383,241,409,304,0,,,,,,
88,persona,0.18115708,1,269,230,305,321,0,,,,,,
88,persona,0.4953065,2,387,241,417,306,0,,,,,,
88,persona,0.33653748,6,268,230,325,323,0,,,,,,
89,persona,0.19157697,1,269,229,306,322,0,,,,,,
89,persona,0.4993595,2,388,241,418,306,0,,,,,,
89,persona,0.33998197,6,268,229,325,323,0,,,,,,
90,persona,0.17769322,1,269,229,306,322,0,,,,,,
90,persona,0.50839376,2,389,241,418,306,0,,,,,,
90,persona,0.32455814,6,268,229,326,323,0,,,,,,
90,persona,0.3090861,7,382,241,414,305,0,,,,,,
91,persona,0.1688318,1,268,229,307,322,0,,,,,,
91,persona,0.306342,6,268,230,326,323,0,,,,,,
91,persona,0.41938174,7,384,242,417,305,0,,,,,,
92,persona,0.13110738,1,268,230,306,321,0,,,,,,
92,persona,0.2571865,6,268,230,327,323,0,,,,,,
92,persona,0.32210797,7,386,242,419,305,0,,,,,,
93,persona,0.15084606,1,268,230,304,321,0,,,,,,
93,persona,0.260364,6,268,230,326,323,0,,,,,,
93,persona,0.28022504,7,384,243,419,305,0,,,,,,
93,persona,0.38243577,2,394,243,419,305,0,,,,,,
94,persona,0.1453904,1,269,230,303,320,0,,,,,,
94,persona,0.25648773,6,268,230,323,323,0,,,,,,
94,persona,0.2444355,7,383,243,419,305,0,,,,,,
94,persona,0.42651552,9,381,241,401,304,0,,,,,,
94,persona,0.39609993,2,396,244,419,305,0,,,,,,
95,persona,0.1977941,1,268,229,303,320,0,,,,,,
95,persona,0.29388794,6,268,229,318,323,0,,,,,,
95,persona,0.322237,7,382,243,420,305,0,,,,,,
95,persona,0.44789377,9,381,242,400,304,0,,,,,,
95,persona,0.51120245,2,397,244,419,305,0,,,,,,
96,persona,0.20377916,1,268,229,303,320,0,,,,,,
96,persona,0.29828206,6,268,229,319,323,0,,,,,,
96,persona,0.2377673,7,384,242,421,305,0,,,,,,
96,persona,0.43323338,9,380,241,398,304,0,,,,,,
96,persona,0.5683439,2,397,244,419,305,0,,,,,,
97,persona,0.27500862,1,268,229,301,321,0,,,,,,
97,persona,0.11847912,6,268,229,323,323,0,,,,,,
97,persona,0.15711175,7,382,242,413,306,0,,,,,,
97,persona,0.37215713,9,378,241,397,305,0,,,,,,
97,persona,0.4482903,2,397,243,421,305,0,,,,,,
98,persona,0.28144825,1,267,229,301,321,0,,,,,,
98,persona,0.1587542,6,268,229,323,323,0,,,,,,
98,persona,0.20700285,7,383,242,419,306,0,,,,,,
98,persona,0.5044246,9,378,241,398,305,0,,,,,,
98,persona,0.54732835,2,398,243,421,305,0,,,,,,
99,persona,0.27494758,1,267,229,300,321,0,,,,,,
99,persona,0.16871624,6,269,229,322,323,0,,,,,,
99,persona,0.22054173,7,383,241,421,306,0,,,,,,
99,persona,0.54677,9,378,242,398,304,0,,,,,,
99,persona,0.61838245,2,399,243,422,306,0,,,,,,
100,persona,0.26030043,1,267,229,299,321,0,,,,,,
100,persona,0.14564462,6,269,229,322,323,0,,,,,,
100,persona,0.187215,7,383,242,421,307,0,,,,,,
100,persona,0.52421427,9,378,241,398,304,0,,,,,,
100,persona,0.547378,2,399,244,422,306,0,,,,,,
101,persona,0.24978234,1,267,229,298,321,0,,,,,,
101,persona,0.15891749,6,269,229,321,323,0,,,,,,
101,persona,0.2323171,7,382,242,420,307,0,,,,,,
101,persona,0.57083094,9,378,241,399,304,0,,,,,,
101,persona,0.5954619,2,400,245,422,306,0,,,,,,
102,persona,0.2587889,1,267,229,297,321,0,,,,,,
102,persona,0.15997073,6,269,229,319,323,0,,,,,,
102,persona,0.16645002,7,381,242,419,307,0,,,,,,
102,persona,0.57140803,9,378,242,399,305,0,,,,,,
102,persona,0.5275994,2,400,246,421,306,0,,,,,,
103,persona,0.2672207,1,267,228,297,321,0,,,,,,
103,persona,0.169358,6,268,228,315,323,0,,,,,,
103,persona,0.17081676,7,380,242,416,307,0,,,,,,
103,persona,0.5972038,9,378,242,399,305,0,,,,,,
103,persona,0.6134115,2,400,246,420,306,0,,,,,,
104,persona,0.2516255,1,267,228,297,321,0,,,,,,
104,persona,0.18509783,6,268,228,315,323,0,,,,,,
104,persona,0.26305574,7,380,242,414,306,0,,,,,,
104,persona,0.5859928,9,378,242,400,305,0,,,,,,
104,persona,0.59293884,2,400,245,421,305,0,,,,,,
105,persona,0.26593226,1,267,228,296,321,0,,,,,,
105,persona,0.1834171,6,268,228,313,323,0,,,,,,
105,persona,0.22143163,7,380,242,412,306,0,,,,,,
105,persona,0.5846286,9,378,242,400,305,0,,,,,,
105,persona,0.5672253,2,401,244,422,305,0,,,,,,
106,persona,0.26965716,1,267,229,296,321,0,,,,,,
106,persona,0.19850403,6,268,228,313,323,0,,,,,,
106,persona,0.18417986,7,380,242,413,307,0,,,,,,
106,persona,0.54289055,9,378,242,400,306,0,,,,,,
106,persona,0.5112141,2,401,243,422,305,0,,,,,,
107,persona,0.26693934,1,267,229,296,321,0,,,,,,
107,persona,0.21725956,6,268,228,315,323,0,,,,,,
107,persona,0.13695027,7,380,242,413,307,0,,,,,,
107,persona,0.5616595,9,378,242,400,306,0,,,,,,
107,persona,0.52768457,2,402,244,422,306,0,,,,,,
108,persona,0.26068965,1,268,228,298,320,0,,,,,,
108,persona,0.13466537,7,379,242,410,307,0,,,,,,
108,persona,0.6153987,9,378,242,400,306,0,,,,,,
108,persona,0.5823451,2,402,245,421,306,0,,,,,,
109,persona,0.25468627,1,267,228,297,321,0,,,,,,
109,persona,0.62144595,9,378,242,400,306,0,,,,,,
109,persona,0.53090286,2,403,246,422,306,0,,,,,,
110,persona,0.23087408,1,267,228,300,321,0,,,,,,
110,persona,0.6625519,9,377,242,400,306,0,,,,,,
110,persona,0.5657224,2,403,246,422,306,0,,,,,,
111,persona,0.24451633,1,267,229,299,321,0,,,,,,
111,persona,0.6811641,9,378,241,401,306,0,,,,,,
111,persona,0.546904,2,403,246,423,307,0,,,,,,
112,persona,0.24102949,1,267,229,299,321,0,,,,,,
112,persona,0.67646146,9,378,241,401,307,0,,,,,,
112,persona,0.5203973,2,403,246,424,307,0,,,,,,
113,persona,0.25074768,1,267,229,299,321,0,,,,,,
113,persona,0.7066059,9,378,241,401,307,0,,,,,,
113,persona,0.5365114,2,403,245,425,309,0,,,,,,
114,persona,0.26506937,1,267,229,298,321,0,,,,,,
114,persona,0.7289188,9,378,242,401,307,0,,,,,,
114,persona,0.5431643,2,403,244,426,311,0,,,,,,
115,persona,0.28145018,1,267,229,298,321,0,,,,,,
115,persona,0.7440204,9,378,241,401,308,0,,,,,,
115,persona,0.5501085,2,403,242,427,311,0,,,,,,
116,persona,0.26273042,1,267,229,298,321,0,,,,,,
116,persona,0.73572093,9,378,241,401,307,0,,,,,,
116,persona,0.57514626,2,403,242,428,313,0,,,,,,
117,persona,0.23563948,1,267,229,300,321,0,,,,,,
117,persona,0.68424565,9,377,242,401,307,0,,,,,,
117,persona,0.5525569,2,403,244,428,314,0,,,,,,
118,persona,0.23330349,1,267,229,299,321,0,,,,,,
118,persona,0.64647806,9,378,241,401,307,0,,,,,,
118,persona,0.5217471,2,404,246,427,311,0,,,,,,
119,persona,0.27302012,1,267,229,298,321,0,,,,,,
119,persona,0.6695727,9,378,241,402,307,0,,,,,,
119,persona,0.5154815,2,404,246,427,314,0,,,,,,
120,persona,0.26471084,1,267,229,298,321,0,,,,,,
120,persona,0.65032643,9,378,240,402,307,0,,,,,,
120,persona,0.4807331,2,405,246,427,315,0,,,,,,
121,persona,0.22529265,1,267,230,302,321,0,,,,,,
121,persona,0.6464713,9,378,239,403,308,0,,,,,,
121,persona,0.41703942,2,405,246,426,310,0,,,,,,
122,persona,0.27316406,1,267,229,303,322,0,,,,,,
122,persona,0.68005544,9,378,239,403,309,0,,,,,,
122,persona,0.57100976,2,404,242,427,311,0,,,,,,
123,persona,0.24880596,1,267,230,308,322,0,,,,,,
123,persona,0.63841087,9,377,239,403,310,0,,,,,,
123,persona,0.54617286,2,404,241,427,313,0,,,,,,
124,persona,0.24812452,1,267,230,308,321,0,,,,,,
124,persona,0.60787797,9,377,239,403,310,0,,,,,,
124,persona,0.524547,2,404,240,427,314,0,,,,,,
125,persona,0.22435917,1,267,230,314,321,0,,,,,,
125,persona,0.60080725,9,378,239,403,310,0,,,,,,
125,persona,0.5627134,2,405,240,428,317,0,,,,,,
126,persona,0.23320441,1,267,230,313,321,0,,,,,,
126,persona,0.644999,9,377,239,403,310,0,,,,,,
126,persona,0.5856817,2,405,241,428,318,0,,,,,,
127,persona,0.26160124,1,267,230,310,321,0,,,,,,
127,persona,0.6645678,9,377,238,404,311,0,,,,,,
127,persona,0.63629204,2,405,242,429,320,0,,,,,,
128,persona,0.2885409,1,267,230,309,321,0,,,,,,
128,persona,0.63471663,9,377,238,404,311,0,,,,,,
128,persona,0.6118988,2,406,242,430,319,0,,,,,,
129,persona,0.28445104,1,267,230,307,321,0,,,,,,
129,persona,0.641125,9,378,237,404,312,0,,,,,,
129,persona,0.71852833,2,406,241,431,318,0,,,,,,
130,persona,0.2935056,1,267,229,303,321,0,,,,,,
130,persona,0.7119809,9,377,238,404,312,0,,,,,,
130,persona,0.71371937,2,405,240,431,319,0,,,,,,
131,persona,0.28662395,1,267,230,306,321,0,,,,,,
131,persona,0.6701962,9,378,238,404,312,0,,,,,,
131,persona,0.6853439,2,405,240,432,318,0,,,,,,
132,persona,0.29539102,1,267,230,305,320,0,,,,,,
132,persona,0.6822312,9,378,237,404,313,0,,,,,,
132,persona,0.7036797,2,406,240,434,320,0,,,,,,
132,persona,0.32058558,14,267,230,326,323,0,,,,,,
133,persona,0.26566094,1,267,230,303,319,0,,,,,,
133,persona,0.6694199,9,377,237,404,313,0,,,,,,
133,persona,0.70850146,2,406,240,434,321,0,,,,,,
133,persona,0.3002487,14,267,231,325,321,0,,,,,,
134,persona,0.2568415,1,267,230,301,318,0,,,,,,
134,persona,0.68262964,9,377,237,405,313,0,,,,,,
134,persona,0.62220985,2,406,242,433,320,0,,,,,,
134,persona,0.29013166,14,266,231,325,322,0,,,,,,
135,persona,0.25165907,1,266,230,299,316,0,,,,,,
135,persona,0.66328615,9,377,237,405,313,0,,,,,,
135,persona,0.57230717,2,407,244,432,320,0,,,,,,
135,persona,0.28221655,14,266,231,324,320,0,,,,,,
136,persona,0.24207143,1,266,230,296,310,0,,,,,,
136,persona,0.64288914,9,377,238,405,313,0,,,,,,
136,persona,0.55839497,2,408,247,433,321,0,,,,,,
136,persona,0.224901,14,266,231,315,321,0,,,,,,
137,persona,0.25962713,1,266,230,297,315,0,,,,,,
137,persona,0.65612215,9,377,238,405,314,0,,,,,,
137,persona,0.6374876,2,409,245,434,321,0,,,,,,
137,persona,0.3056403,14,265,231,323,322,0,,,,,,
138,persona,0.2657222,1,266,230,299,318,0,,,,,,
138,persona,0.6563286,9,377,238,405,314,0,,,,,,
138,persona,0.6293832,2,409,242,434,322,0,,,,,,
138,persona,0.33602205,14,265,231,324,323,0,,,,,,
139,persona,0.29060626,1,266,230,302,319,0,,,,,,
139,persona,0.6838628,9,377,237,405,314,0,,,,,,
139,persona,0.65530306,2,408,241,434,322,0,,,,,,
139,persona,0.40187868,14,265,232,325,323,0,,,,,,
140,persona,0.31185892,1,266,230,304,320,0,,,,,,
140,persona,0.7147167,9,377,238,405,315,0,,,,,,
140,persona,0.6731705,2,409,241,435,323,0,,,,,,
140,persona,0.39602733,14,266,232,326,323,0,,,,,,
141,persona,0.23541583,1,267,230,301,318,0,,,,,,
141,persona,0.6968558,9,377,238,405,315,0,,,,,,
141,persona,0.64414525,2,409,241,435,323,0,,,,,,
141,persona,0.27272633,14,266,232,323,321,0,,,,,,
142,persona,0.22147882,1,267,230,298,315,0,,,,,,
142,persona,0.69319683,9,377,238,406,316,0,,,,,,
142,persona,0.6437314,2,410,243,436,324,0,,,,,,
142,persona,0.24436022,14,266,231,320,321,0,,,,,,
143,persona,0.18335703,1,267,230,297,311,0,,,,,,
143,persona,0.7011193,9,377,238,406,317,0,,,,,,
143,persona,0.70664036,2,409,244,437,326,0,,,,,,
143,persona,0.19997847,14,266,231,316,321,0,,,,,,
144,persona,0.6693037,9,378,238,406,316,0,,,,,,
144,persona,0.67928386,2,409,245,438,327,0,,,,,,
144,persona,0.1516177,14,267,231,315,321,0,,,,,,
145,persona,0.74549264,9,378,238,407,317,0,,,,,,
145,persona,0.73955864,2,410,243,439,327,0,,,,,,
145,persona,0.28833288,14,267,229,307,321,0,,,,,,
146,persona,0.7451206,9,378,238,407,318,0,,,,,,
146,persona,0.7473689,2,411,242,440,326,0,,,,,,
146,persona,0.2542581,14,267,228,301,322,0,,,,,,
147,persona,0.73612416,9,378,238,407,319,0,,,,,,
147,persona,0.72220296,2,412,241,440,326,0,,,,,,
147,persona,0.26370803,14,268,228,298,322,0,,,,,,
148,persona,0.7552075,9,378,238,408,321,0,,,,,,
148,persona,0.6965172,2,412,240,440,327,0,,,,,,
148,persona,0.24299654,14,268,229,297,322,0,,,,,,
149,persona,0.7594109,9,378,238,410,322,0,,,,,,
149,persona,0.71963465,2,413,240,441,328,0,,,,,,
149,persona,0.2591381,14,268,229,296,322,0,,,,,,
150,persona,0.72771275,9,378,238,411,322,0,,,,,,
150,persona,0.70861876,2,414,239,443,330,0,,,,,,
150,persona,0.23675531,14,268,229,297,322,0,,,,,,
151,persona,0.7812707,9,379,238,412,322,0,,,,,,
151,persona,0.7139243,2,414,242,444,330,0,,,,,,
151,persona,0.22267677,14,268,230,299,322,0,,,,,,
152,persona,0.7800659,9,380,238,412,322,0,,,,,,
152,persona,0.73410386,2,415,243,444,329,0,,,,,,
152,persona,0.23540124,14,268,230,298,322,0,,,,,,
153,persona,0.7529703,9,380,237,412,321,0,,,,,,
153,persona,0.73497033,2,415,244,444,329,0,,,,,,
153,persona,0.2570621,14,269,231,298,322,0,,,,,,
154,persona,0.7157088,9,380,237,412,321,0,,,,,,
154,persona,0.6889088,2,415,243,445,329,0,,,,,,
154,persona,0.27360812,14,269,231,298,322,0,,,,,,
155,persona,0.72929364,9,381,237,413,321,0,,,,,,
155,persona,0.7187585,2,415,241,446,331,0,,,,,,
155,persona,0.26933825,14,269,230,298,321,0,,,,,,
156,persona,0.76197934,9,381,237,413,323,0,,,,,,
156,persona,0.69585395,2,415,240,447,331,0,,,,,,
156,persona,0.25949094,14,269,231,298,321,0,,,,,,
157,persona,0.76673174,9,380,237,413,324,0,,,,,,
157,persona,0.6899714,2,416,239,448,331,0,,,,,,
157,persona,0.26469517,14,269,231,299,321,0,,,,,,
158,persona,0.77326435,9,380,237,413,324,0,,,,,,
158,persona,0.6660681,2,417,239,449,331,0,,,,,,
158,persona,0.22177169,14,269,231,300,322,0,,,,,,
159,persona,0.74085164,9,380,237,413,324,0,,,,,,
159,persona,0.6360063,2,417,240,452,335,0,,,,,,
159,persona,0.24852705,14,269,231,301,322,0,,,,,,
160,persona,0.7226296,9,380,237,414,327,0,,,,,,
160,persona,0.63192964,2,419,241,453,335,0,,,,,,
160,persona,0.19517574,14,269,231,302,322,0,,,,,,
161,persona,0.7347456,9,380,236,415,328,0,,,,,,
161,persona,0.64409506,2,420,242,454,336,0,,,,,,
161,persona,0.18974108,14,269,231,306,322,0,,,,,,
162,persona,0.7088534,9,380,236,416,328,0,,,,,,
162,persona,0.5377977,2,421,241,457,336,0,,,,,,
162,persona,0.16931558,14,270,231,310,322,0,,,,,,
163,persona,0.7387242,9,380,237,415,328,0,,,,,,
163,persona,0.6354684,2,423,240,459,336,0,,,,,,
163,persona,0.23030254,14,270,231,310,322,0,,,,,,
164,persona,0.7409013,9,380,237,416,328,0,,,,,,
164,persona,0.6277747,2,424,238,459,336,0,,,,,,
164,persona,0.20041011,14,270,231,313,323,0,,,,,,
165,persona,0.7721288,9,380,237,418,329,0,,,,,,
165,persona,0.75794566,2,425,237,459,338,0,,,,,,
165,persona,0.22897884,14,270,231,310,323,0,,,,,,
166,persona,0.7745687,9,380,237,418,330,0,,,,,,
166,persona,0.7502003,2,425,237,458,338,0,,,,,,
166,persona,0.24106464,14,270,231,312,323,0,,,,,,
167,persona,0.7782848,9,380,237,419,330,0,,,,,,
167,persona,0.80289537,2,424,238,459,339,0,,,,,,
167,persona,0.2757627,14,270,231,310,323,0,,,,,,
168,persona,0.7643848,9,380,237,420,331,0,,,,,,
168,persona,0.78129816,2,424,240,460,340,0,,,,,,
168,persona,0.24555245,14,270,231,307,323,0,,,,,,
169,persona,0.6703722,9,380,237,421,331,0,,,,,,
169,persona,0.7365738,2,424,241,461,342,0,,,,,,
169,persona,0.13861935,14,271,232,310,323,0,,,,,,
170,persona,0.72837114,9,379,237,422,332,0,,,,,,
170,persona,0.8038664,2,425,240,461,341,0,,,,,,
170,persona,0.22016668,14,271,233,310,321,0,,,,,,
171,persona,0.7599854,9,380,237,421,331,0,,,,,,
171,persona,0.78960484,2,426,239,461,343,0,,,,,,
171,persona,0.24474439,14,272,233,309,319,0,,,,,,
172,persona,0.7300826,9,381,237,421,331,0,,,,,,
172,persona,0.692938,2,426,237,460,345,0,,,,,,
172,persona,0.2621364,14,272,233,307,314,0,,,,,,
173,persona,0.67717236,9,381,236,423,331,0,,,,,,
173,persona,0.77609015,2,426,236,462,346,0,,,,,,
173,persona,0.27642953,14,272,233,307,309,0,,,,,,
174,persona,0.6547341,9,381,236,424,331,0,,,,,,
174,persona,0.81699777,2,427,236,463,344,0,,,,,,
174,persona,0.29679614,14,272,233,306,304,0,,,,,,
175,persona,0.62503684,9,380,236,425,332,0,,,,,,
175,persona,0.75582606,2,428,237,464,346,0,,,,,,
175,persona,0.31144965,14,273,232,305,295,0,,,,,,
176,persona,0.7320496,9,380,235,426,334,0,,,,,,
176,persona,0.76111805,2,429,239,466,347,0,,,,,,
176,persona,0.3524272,14,273,232,305,293,0,,,,,,
177,persona,0.6400123,9,380,236,426,335,0,,,,,,
177,persona,0.69246477,2,430,241,469,347,0,,,,,,
177,persona,0.31009054,14,273,232,305,292,0,,,,,,
178,persona,0.6280209,9,380,236,426,337,0,,,,,,
178,persona,0.72003853,2,432,242,472,347,0,,,,,,
178,persona,0.29281577,14,273,232,305,294,0,,,,,,
179,persona,0.5936981,9,380,235,427,340,0,,,,,,
179,persona,0.6836168,2,432,241,475,346,0,,,,,,
179,persona,0.40838546,14,273,231,305,297,0,,,,,,
180,persona,0.5900387,9,380,235,427,341,0,,,,,,
180,persona,0.627946,2,433,239,477,347,0,,,,,,
180,persona,0.44788378,14,273,231,306,300,0,,,,,,
181,persona,0.6968665,9,380,235,427,342,0,,,,,,
181,persona,0.72524005,2,434,237,480,349,0,,,,,,
181,persona,0.36243334,14,272,232,307,311,0,,,,,,
182,persona,0.699756,9,380,235,428,342,0,,,,,,
182,persona,0.6602161,2,436,237,480,349,0,,,,,,
182,persona,0.36016354,14,272,232,307,314,0,,,,,,
182,persona,0.32817173,18,273,232,306,282,0,,,,,,
183,persona,0.7685964,9,379,235,429,342,0,,,,,,
183,persona,0.768034,2,438,237,479,350,0,,,,,,
183,persona,0.36825103,14,272,232,308,311,0,,,,,,
183,persona,0.37884524,18,274,232,307,283,0,,,,,,
184,persona,0.7625055,9,379,235,430,342,0,,,,,,
184,persona,0.8423111,2,438,238,480,352,0,,,,,,
184,persona,0.3749893,14,273,233,307,304,0,,,,,,
184,persona,0.4107161,18,274,232,307,283,0,,,,,,
185,persona,0.78798395,9,380,234,430,343,0,,,,,,
185,persona,0.8516631,2,439,240,481,352,0,,,,,,
185,persona,0.28709978,14,273,232,308,314,0,,,,,,
185,persona,0.44968957,18,275,232,307,282,0,,,,,,
186,persona,0.65612805,9,380,235,430,345,0,,,,,,
186,persona,0.83551425,2,440,241,482,351,0,,,,,,
186,persona,0.2635703,14,273,232,308,316,0,,,,,,
186,persona,0.46099845,18,275,232,308,284,0,,,,,,
187,persona,0.63023055,9,381,237,430,347,0,,,,,,
187,persona,0.80392855,2,441,240,481,351,0,,,,,,
187,persona,0.28433943,14,274,232,308,317,0,,,,,,
187,persona,0.48656228,18,276,232,308,285,0,,,,,,
188,persona,0.6867079,9,383,237,430,347,0,,,,,,
188,persona,0.69406337,2,442,240,481,352,0,,,,,,
188,persona,0.3037173,14,274,233,309,319,0,,,,,,
188,persona,0.47082758,18,276,232,308,286,0,,,,,,
189,persona,0.7182779,9,384,236,432,347,0,,,,,,
189,persona,0.6192293,2,442,238,483,356,0,,,,,,
189,persona,0.3859996,14,274,233,309,312,0,,,,,,
189,persona,0.4136658,18,276,232,309,287,0,,,,,,
190,persona,0.72050077,9,385,237,434,347,0,,,,,,
190,persona,0.55751115,2,442,238,485,358,0,,,,,,
190,persona,0.2864455,14,274,233,310,317,0,,,,,,
190,persona,0.4274646,18,276,232,309,287,0,,,,,,
191,persona,0.7507509,9,385,237,436,348,0,,,,,,
191,persona,0.55456233,2,442,240,486,355,0,,,,,,
191,persona,0.2643101,14,274,233,310,318,0,,,,,,
191,persona,0.4118791,18,276,232,309,287,0,,,,,,
192,persona,0.71384126,9,386,236,437,349,0,,,,,,
192,persona,0.5813713,2,445,242,488,357,0,,,,,,
192,persona,0.25137115,14,274,233,311,319,0,,,,,,
192,persona,0.371117,18,277,233,309,291,0,,,,,,
193,persona,0.7563793,9,386,238,438,350,0,,,,,,
193,persona,0.72865814,2,448,243,492,362,0,,,,,,
193,persona,0.3958803,14,275,233,314,319,0,,,,,,
193,persona,0.25543407,18,277,232,310,292,0,,,,,,
194,persona,0.7695605,9,387,239,437,350,0,,,,,,
194,persona,0.7526745,2,450,243,495,364,0,,,,,,
194,persona,0.3690194,14,275,233,315,319,0,,,,,,
194,persona,0.3014503,18,278,232,310,298,0,,,,,,
195,persona,0.754987,9,388,239,437,351,0,,,,,,
195,persona,0.82077074,2,454,241,497,366,0,,,,,,
195,persona,0.37920392,14,274,234,320,321,0,,,,,,
195,persona,0.27734432,18,278,232,311,301,0,,,,,,
196,persona,0.76055217,9,388,238,437,351,0,,,,,,
196,persona,0.75361747,2,456,240,499,366,0,,,,,,
196,persona,0.38329548,14,273,234,323,322,0,,,,,,
196,persona,0.29066366,18,277,232,311,302,0,,,,,,
197,persona,0.6804489,9,390,239,438,352,0,,,,,,
197,persona,0.7535572,2,457,239,501,363,0,,,,,,
197,persona,0.37957525,14,274,233,318,318,0,,,,,,
197,persona,0.3653575,18,277,232,311,300,0,,,,,,
198,persona,0.77969843,9,390,237,439,353,0,,,,,,
198,persona,0.7374267,2,458,237,503,363,0,,,,,,
198,persona,0.40637213,14,273,234,322,321,0,,,,,,
198,persona,0.2914988,18,277,232,312,302,0,,,,,,
199,persona,0.762237,9,392,237,441,354,0,,,,,,
199,persona,0.6788693,2,459,236,505,369,0,,,,,,
199,persona,0.4167907,14,273,234,323,322,0,,,,,,
199,persona,0.29676586,18,277,232,312,303,0,,,,,,
200,persona,0.7575454,9,393,237,446,355,0,,,,,,
200,persona,0.7494043,2,460,237,507,368,0,,,,,,
200,persona,0.4294126,14,273,234,324,322,0,,,,,,
200,persona,0.30414084,18,276,232,312,304,0,,,,,,
201,persona,0.7285082,9,393,236,448,355,0,,,,,,
201,persona,0.79204446,2,460,238,509,370,0,,,,,,
201,persona,0.4206198,14,273,234,324,322,0,,,,,,
201,persona,0.29009712,18,276,232,312,306,0,,,,,,
202,persona,0.74032134,9,394,236,450,354,0,,,,,,
202,persona,0.7658354,2,460,241,510,367,0,,,,,,
202,persona,0.4059221,14,273,234,324,323,0,,,,,,
202,persona,0.31673262,18,277,232,312,305,0,,,,,,
203,persona,0.6572425,9,395,236,452,354,0,,,,,,
203,persona,0.7520427,2,462,242,510,367,0,,,,,,
203,persona,0.40794286,14,273,235,323,322,0,,,,,,
203,persona,0.3235589,18,277,232,312,305,0,,,,,,
204,persona,0.6823109,9,396,235,454,357,0,,,,,,
204,persona,0.7848104,2,464,241,511,371,0,,,,,,
204,persona,0.39993963,14,273,235,323,322,0,,,,,,
204,persona,0.31432664,18,277,232,312,304,0,,,,,,
205,persona,0.8151609,9,399,235,456,358,0,,,,,,
205,persona,0.7364282,2,465,238,512,371,0,,,,,,
205,persona,0.35218644,14,273,235,322,322,0,,,,,,
205,persona,0.37056065,18,278,232,313,306,0,,,,,,
206,persona,0.82510257,9,400,235,458,359,0,,,,,,
206,persona,0.7796722,2,465,235,513,375,0,,,,,,
206,persona,0.39182016,14,273,235,322,322,0,,,,,,
206,persona,0.33946353,18,278,232,312,300,0,,,,,,
207,persona,0.8102971,9,401,235,457,360,0,,,,,,
207,persona,0.7780843,2,468,235,515,375,0,,,,,,
207,persona,0.39639547,14,273,235,321,322,0,,,,,,
207,persona,0.3456546,18,279,232,311,299,0,,,,,,
208,persona,0.81399447,9,403,236,459,361,0,,,,,,
208,persona,0.70730394,2,472,236,520,375,0,,,,,,
208,persona,0.47894782,14,274,235,322,322,0,,,,,,
208,persona,0.26594532,18,278,232,312,307,0,,,,,,
209,persona,0.7734067,9,404,238,459,362,0,,,,,,
209,persona,0.7867541,2,473,238,524,374,0,,,,,,
209,persona,0.44985783,14,274,235,322,322,0,,,,,,
209,persona,0.30428946,18,278,232,312,307,0,,,,,,
210,persona,0.80202454,9,406,238,458,361,0,,,,,,
210,persona,0.81108195,2,475,241,526,373,0,,,,,,
210,persona,0.45163584,14,274,235,321,322,0,,,,,,
210,persona,0.32232696,18,278,232,312,308,0,,,,,,
211,persona,0.7276181,9,408,240,463,360,0,,,,,,
211,persona,0.77547514,2,478,241,529,379,0,,,,,,
211,persona,0.42930004,14,274,235,321,322,0,,,,,,
211,persona,0.37133682,18,278,232,312,305,0,,,,,,
212,persona,0.75985366,9,410,240,467,360,0,,,,,,
212,persona,0.81719947,2,482,239,532,379,0,,,,,,
212,persona,0.45596862,14,274,235,321,322,0,,,,,,
212,persona,0.3735321,18,278,232,312,306,0,,,,,,
213,persona,0.75727475,9,411,239,470,361,0,,,,,,
213,persona,0.73448735,2,485,236,536,382,0,,,,,,
213,persona,0.41231394,14,273,235,321,322,0,,,,,,
213,persona,0.38015708,18,278,232,312,304,0,,,,,,
214,persona,0.758884,9,413,239,473,362,0,,,,,,
214,persona,0.69931084,2,488,234,541,381,0,,,,,,
214,persona,0.4219434,14,274,235,321,322,0,,,,,,
214,persona,0.39507222,18,278,232,312,303,0,,,,,,
215,persona,0.76236576,9,414,239,474,360,0,,,,,,
215,persona,0.76211965,2,491,233,546,383,0,,,,,,
215,persona,0.41685316,14,275,233,317,319,0,,,,,,
215,persona,0.33540183,18,278,232,312,299,0,,,,,,
216,persona,0.81911474,9,415,238,474,362,0,,,,,,
216,persona,0.794242,2,495,232,550,386,0,,,,,,
216,persona,0.43465254,14,274,234,320,321,0,,,,,,
216,persona,0.39228263,18,278,232,312,303,0,,,,,,
217,persona,0.7543708,9,416,238,476,365,0,,,,,,
217,persona,0.77849644,2,498,234,552,390,0,,,,,,
217,persona,0.4796361,14,274,235,322,322,0,,,,,,
217,persona,0.3273443,18,277,233,312,309,0,,,,,,
218,persona,0.76859444,9,417,238,477,365,0,,,,,,
218,persona,0.7598304,2,500,237,553,393,0,,,,,,
218,persona,0.4769755,14,273,235,322,322,0,,,,,,
218,persona,0.36896247,18,277,233,312,311,0,,,,,,
219,persona,0.6692664,9,418,239,480,362,0,,,,,,
219,persona,0.7946617,2,500,239,555,392,0,,,,,,
219,persona,0.46488345,14,273,236,323,322,0,,,,,,
219,persona,0.36506462,18,277,233,312,311,0,,,,,,
220,persona,0.6670565,9,419,239,484,368,0,,,,,,
220,persona,0.82021916,2,502,240,557,391,0,,,,,,
220,persona,0.4796036,14,273,236,323,322,0,,,,,,
220,persona,0.32320985,18,277,233,312,312,0,,,,,,
221,persona,0.6390806,9,420,238,487,365,0,,,,,,
221,persona,0.7763237,2,505,239,559,394,0,,,,,,
221,persona,0.479531,14,273,235,323,323,0,,,,,,
221,persona,0.3055986,18,277,233,312,312,0,,,,,,
222,persona,0.6736819,9,422,238,489,363,0,,,,,,
222,persona,0.6985612,2,508,235,563,390,0,,,,,,
222,persona,0.4683999,14,273,235,324,323,0,,,,,,
222,persona,0.30524787,18,277,233,312,312,0,,,,,,
223,persona,0.65962636,9,425,238,490,368,0,,,,,,
223,persona,0.78402317,2,512,233,569,401,0,,,,,,
223,persona,0.4956442,14,273,235,324,323,0,,,,,,
223,persona,0.2646907,18,276,233,313,313,0,,,,,,
224,persona,0.7031359,9,427,237,491,370,0,,,,,,
224,persona,0.72678035,2,516,232,574,401,0,,,,,,
224,persona,0.49865484,14,273,235,324,323,0,,,,,,
224,persona,0.27005157,18,276,233,313,313,0,,,,,,
225,persona,0.7230617,9,429,236,494,372,0,,,,,,
225,persona,0.7471197,2,521,234,580,411,0,,,,,,
225,persona,0.51991755,14,273,235,325,323,0,,,,,,
225,persona,0.23762886,18,276,233,313,313,0,,,,,,
226,persona,0.7880857,9,433,237,497,375,0,,,,,,
226,persona,0.7570391,2,525,237,584,417,0,,,,,,
226,persona,0.52198315,14,273,235,325,323,0,,,,,,
226,persona,0.21730115,18,276,233,313,314,0,,,,,,
227,persona,0.7435492,9,435,239,501,376,0,,,,,,
227,persona,0.76745874,2,530,241,589,419,0,,,,,,
227,persona,0.5307765,14,273,235,325,324,0,,,,,,
227,persona,0.19829999,18,276,233,313,314,0,,,,,,
228,persona,0.7533577,9,436,239,502,379,0,,,,,,
228,persona,0.74659604,2,535,242,594,420,0,,,,,,
228,persona,0.5486387,14,273,235,325,324,0,,,,,,
228,persona,0.17305344,18,276,233,313,314,0,,,,,,
229,persona,0.7465824,9,437,238,504,380,0,,,,,,
229,persona,0.8111172,2,540,240,601,421,0,,,,,,
229,persona,0.5059751,14,273,234,325,324,0,,,,,,
229,persona,0.24101746,18,276,232,314,314,0,,,,,,
230,persona,0.75142026,9,439,238,506,380,0,,,,,,
230,persona,0.7775193,2,545,238,606,422,0,,,,,,
230,persona,0.46722364,14,273,234,324,324,0,,,,,,
230,persona,0.27978313,18,277,232,313,310,0,,,,,,
231,persona,0.7538174,9,441,237,508,379,0,,,,,,
231,persona,0.85251904,2,549,236,611,423,0,,,,,,
231,persona,0.48031327,14,273,234,324,324,0,,,,,,
231,persona,0.28586468,18,277,232,313,310,0,,,,,,
232,persona,0.77082443,9,443,236,511,385,0,,,,,,
232,persona,0.82655495,2,552,235,616,426,0,,,,,,
232,persona,0.5104521,14,273,234,324,324,0,,,,,,
232,persona,0.2725678,18,277,231,313,309,0,,,,,,
233,persona,0.75978583,9,445,236,515,387,0,,,,,,
233,persona,0.77357996,2,556,235,622,425,0,,,,,,
233,persona,0.5292907,14,273,234,324,324,0,,,,,,
233,persona,0.2654364,18,277,231,314,310,0,,,,,,
234,persona,0.7393187,9,447,234,518,388,0,,,,,,
234,persona,0.7495594,2,560,238,625,432,0,,,,,,
234,persona,0.53450084,14,273,234,324,324,0,,,,,,
234,persona,0.24041863,18,277,231,314,311,0,,,,,,
235,persona,0.7052621,9,448,236,520,388,0,,,,,,
235,persona,0.82878053,2,564,239,629,435,0,,,,,,
235,persona,0.52904344,14,273,233,324,324,0,,,,,,
235,persona,0.3025068,18,277,231,314,311,0,,,,,,
236,persona,0.79440314,9,449,235,523,389,0,,,,,,
236,persona,0.8156108,2,568,240,631,434,0,,,,,,
236,persona,0.5423622,14,273,233,324,324,0,,,,,,
236,persona,0.25049227,18,277,231,314,312,0,,,,,,
237,persona,0.75674665,9,450,235,525,385,0,,,,,,
237,persona,0.7671352,2,572,239,636,434,0,,,,,,
237,persona,0.4929058,14,273,234,324,324,0,,,,,,
237,persona,0.30534792,18,277,231,313,309,0,,,,,,
238,persona,0.7838354,9,453,235,527,384,0,,,,,,
238,persona,0.79463685,2,575,236,641,437,0,,,,,,
238,persona,0.49587697,14,273,234,324,324,0,,,,,,
238,persona,0.2949444,18,277,232,313,309,0,,,,,,
239,persona,0.8228153,9,456,234,528,384,0,,,,,,
239,persona,0.78784764,2,579,233,646,441,0,,,,,,
239,persona,0.5259974,14,273,234,324,324,0,,,,,,
239,persona,0.2585309,18,277,232,314,311,0,,,,,,
240,persona,0.79084885,9,457,232,531,387,0,,,,,,
240,persona,0.7853633,2,584,232,651,443,0,,,,,,
240,persona,0.52488166,14,273,234,324,324,0,,,,,,
240,persona,0.23209102,18,276,232,314,311,0,,,,,,
241,persona,0.798467,9,460,233,535,395,0,,,,,,
241,persona,0.72816676,2,589,232,658,451,0,,,,,,
241,persona,0.5178997,14,273,234,323,323,0,,,,,,
241,persona,0.29003075,18,277,232,313,312,0,,,,,,
242,persona,0.77625144,9,462,233,536,394,0,,,,,,
242,persona,0.7182471,2,595,235,663,459,0,,,,,,
242,persona,0.49037546,14,273,234,322,323,0,,,,,,
242,persona,0.31196505,18,277,232,313,311,0,,,,,,
243,persona,0.81174684,9,463,234,539,393,0,,,,,,
243,persona,0.8150588,2,601,237,670,463,0,,,,,,
243,persona,0.49304786,14,273,234,322,323,0,,,,,,
243,persona,0.31489635,18,277,232,313,310,0,,,,,,
244,persona,0.72708994,9,465,232,542,401,0,,,,,,
244,persona,0.8179734,2,605,238,678,464,0,,,,,,
244,persona,0.47422147,14,273,234,323,323,0,,,,,,
244,persona,0.30911192,18,277,232,313,310,0,,,,,,
245,persona,0.7939019,9,467,230,545,396,0,,,,,,
245,persona,0.81759006,2,611,238,686,458,0,,,,,,
245,persona,0.45573187,14,273,234,323,323,0,,,,,,
245,persona,0.33084026,18,277,232,313,309,0,,,,,,
246,persona,0.7882353,9,470,228,548,393,0,,,,,,
246,persona,0.8996829,2,616,236,693,463,0,,,,,,
246,persona,0.47313297,14,273,234,323,323,0,,,,,,
246,persona,0.308653,18,277,232,313,309,0,,,,,,
247,persona,0.74673617,9,472,229,551,400,0,,,,,,
247,persona,0.8581106,2,621,233,703,470,0,,,,,,
247,persona,0.46914724,14,273,234,323,323,0,,,,,,
247,persona,0.32420027,18,277,232,313,309,0,,,,,,
248,persona,0.7918643,9,474,229,554,400,0,,,,,,
248,persona,0.84240675,2,627,231,710,482,0,,,,,,
248,persona,0.4657955,14,273,234,323,323,0,,,,,,
248,persona,0.31895015,18,277,232,313,309,0,,,,,,
249,persona,0.79906887,9,476,228,559,404,0,,,,,,
249,persona,0.843136,2,633,231,716,491,0,,,,,,
249,persona,0.44612756,14,273,234,323,323,0,,,,,,
249,persona,0.30672732,18,277,232,313,309,0,,,,,,
250,persona,0.79585683,9,478,228,562,405,0,,,,,,
250,persona,0.86773604,2,638,235,723,497,0,,,,,,
250,persona,0.44487593,14,273,234,323,323,0,,,,,,
250,persona,0.26956928,18,277,232,313,309,0,,,,,,
251,persona,0.76452386,9,478,229,566,410,0,,,,,,
251,persona,0.8758524,2,642,239,727,500,0,,,,,,
251,persona,0.443735,14,273,234,322,323,0,,,,,,
251,persona,0.27498522,18,277,232,313,308,0,,,,,,
252,persona,0.76067555,9,480,229,569,405,0,,,,,,
252,persona,0.8713434,2,647,241,731,501,0,,,,,,
252,persona,0.44890872,14,273,234,322,323,0,,,,,,
252,persona,0.30019584,18,277,232,313,307,0,,,,,,
253,persona,0.7741301,9,482,230,573,416,0,,,,,,
253,persona,0.81632197,2,653,239,737,501,0,,,,,,
253,persona,0.48804402,14,273,233,323,323,0,,,,,,
253,persona,0.24638827,18,277,231,313,309,0,,,,,,
254,persona,0.8297292,9,484,232,575,423,0,,,,,,
254,persona,0.8441079,2,659,236,745,502,0,,,,,,
254,persona,0.4953981,14,273,233,323,323,0,,,,,,
254,persona,0.23018849,18,277,231,313,311,0,,,,,,
255,persona,0.8540996,9,486,232,579,430,0,,,,,,
255,persona,0.83688515,2,664,233,755,510,0,,,,,,
255,persona,0.48200396,14,273,233,323,323,0,,,,,,
255,persona,0.23588246,18,277,231,313,310,0,,,,,,
256,persona,0.78817505,9,489,232,583,434,0,,,,,,
256,persona,0.8436787,2,665,230,763,519,0,,,,,,
256,persona,0.4524673,14,273,233,323,323,0,,,,,,
256,persona,0.26567617,18,277,231,313,308,0,,,,,,
257,persona,0.81865263,9,493,230,586,432,0,,,,,,
257,persona,0.7849894,2,669,231,775,526,0,,,,,,
257,persona,0.45950362,14,273,233,324,324,0,,,,,,
257,persona,0.26082242,18,277,231,313,309,0,,,,,,
258,persona,0.8462385,9,496,230,589,434,0,,,,,,
258,persona,0.7616895,2,685,232,786,536,0,,,,,,
258,persona,0.476887,14,273,233,324,324,0,,,,,,
258,persona,0.2547886,18,277,231,313,309,0,,,,,,
259,persona,0.86452633,9,497,229,593,426,0,,,,,,
259,persona,0.7528523,2,695,236,798,541,0,,,,,,
259,persona,0.49628747,14,273,233,324,324,0,,,,,,
259,persona,0.2474717,18,277,231,313,310,0,,,,,,
260,persona,0.8669966,9,500,229,598,417,0,,,,,,
260,persona,0.85080403,2,709,239,810,546,0,,,,,,
260,persona,0.49311402,14,273,233,324,324,0,,,,,,
260,persona,0.27895182,18,277,231,313,310,0,,,,,,
261,persona,0.87586284,9,503,229,601,411,0,,,,,,
261,persona,0.87752426,2,720,240,824,546,0,,,,,,
261,persona,0.48765597,14,273,233,324,324,0,,,,,,
261,persona,0.28746527,18,277,231,313,309,0,,,,,,
262,persona,0.8931026,9,509,228,604,409,0,,,,,,
262,persona,0.88582534,2,732,235,837,545,0,,,,,,
262,persona,0.4883013,14,273,233,324,324,0,,,,,,
262,persona,0.29143798,18,277,231,313,308,0,,,,,,
263,persona,0.88165194,9,515,228,606,415,0,,,,,,
263,persona,0.8748662,2,741,232,851,550,0,,,,,,
263,persona,0.4753958,14,273,233,324,324,0,,,,,,
263,persona,0.29023626,18,277,231,313,307,0,,,,,,
264,persona,0.8703807,9,520,228,611,419,0,,,,,,
264,persona,0.8743635,2,752,228,866,570,0,,,,,,
264,persona,0.47117868,14,273,233,324,323,0,,,,,,
264,persona,0.2963641,18,277,231,313,306,0,,,,,,
265,persona,0.87689745,9,524,228,617,421,0,,,,,,
265,persona,0.90381277,2,761,226,881,581,0,,,,,,
265,persona,0.3825474,14,273,233,323,323,0,,,,,,
265,persona,0.27600676,18,277,231,312,302,0,,,,,,
266,persona,0.8614338,9,527,229,624,429,0,,,,,,
266,persona,0.8927935,2,773,229,894,595,0,,,,,,
266,persona,0.37531292,14,273,234,324,323,0,,,,,,
266,persona,0.18561819,18,276,232,313,307,0,,,,,,
267,persona,0.76359874,9,531,230,630,423,0,,,,,,
267,persona,0.871568,2,785,234,907,602,0,,,,,,
267,persona,0.36655656,14,273,233,322,321,0,,,,,,
267,persona,0.1919609,18,276,232,313,307,0,,,,,,
268,persona,0.77030766,9,535,234,636,427,0,,,,,,
268,persona,0.8854629,2,801,238,922,605,0,,,,,,
268,persona,0.35926494,14,273,234,323,322,0,,,,,,
268,persona,0.20019825,18,276,232,313,307,0,,,,,,
269,persona,0.81980765,9,539,231,644,437,0,,,,,,
269,persona,0.8646151,2,818,238,937,605,0,,,,,,
269,persona,0.35363665,14,273,234,323,323,0,,,,,,
269,persona,0.19131355,18,276,233,313,307,0,,,,,,
270,persona,0.7990178,9,542,229,651,437,0,,,,,,
270,persona,0.85235095,2,834,235,983,605,0,,,,,,
270,persona,0.35245696,14,273,234,323,323,0,,,,,,
270,persona,0.19384305,18,276,233,313,306,0,,,,,,
271,persona,0.86255157,9,547,228,658,435,0,,,,,,
271,persona,0.8597706,2,840,231,988,614,0,,,,,,
271,persona,0.34260038,14,274,233,322,321,0,,,,,,
271,persona,0.19076693,18,276,233,313,305,0,,,,,,
272,persona,0.8222983,9,551,227,665,443,0,,,,,,
272,persona,0.8621186,2,846,226,1004,633,0,,,,,,
272,persona,0.34069097,14,273,234,323,322,0,,,,,,
272,persona,0.18808995,18,277,233,313,305,0,,,,,,
273,persona,0.7864972,9,556,226,672,453,0,,,,,,
273,persona,0.83013654,2,850,224,1027,648,0,,,,,,
273,persona,0.34759852,14,273,234,323,323,0,,,,,,
273,persona,0.19422705,18,277,233,313,304,0,,,,,,
274,persona,0.83316445,9,563,227,680,460,0,,,,,,
274,persona,0.8138867,2,860,226,1048,665,0,,,,,,
274,persona,0.34244683,14,273,235,323,323,0,,,,,,
274,persona,0.1821114,18,276,233,313,305,0,,,,,,
275,persona,0.7845672,9,567,227,688,463,0,,,,,,
275,persona,0.8633733,2,880,229,1071,686,0,,,,,,
275,persona,0.33770943,14,273,233,322,321,0,,,,,,
275,persona,0.17900851,18,276,233,313,306,0,,,,,,
276,persona,0.80543417,9,574,228,693,456,0,,,,,,
276,persona,0.81126535,2,909,237,1102,695,0,,,,,,
276,persona,0.3608881,14,274,233,323,324,0,,,,,,
276,persona,0.1765059,18,276,233,313,308,0,,,,,,
277,persona,0.8394272,9,581,230,703,455,0,,,,,,
277,persona,0.8554226,2,939,239,1148,700,0,,,,,,
277,persona,0.36257777,14,273,233,322,321,0,,,,,,
277,persona,0.2012282,18,276,233,313,304,0,,,,,,
278,persona,0.8270367,9,589,227,709,459,0,,,,,,
278,persona,0.82581425,2,976,238,1165,701,0,,,,,,
278,persona,0.40784127,14,273,233,323,320,0,,,,,,
278,persona,0.16713345,18,276,233,313,308,0,,,,,,
279,persona,0.8413166,9,596,226,718,464,0,,,,,,
279,persona,0.8556348,2,1001,228,1201,703,0,,,,,,
279,persona,0.41614684,14,273,233,323,320,0,,,,,,
279,persona,0.15915672,18,276,233,313,309,0,,,,,,
280,persona,0.8445814,9,601,226,727,459,0,,,,,,
280,persona,0.8952031,2,1018,221,1252,714,0,,,,,,
280,persona,0.42627987,14,273,233,323,320,0,,,,,,
280,persona,0.1593854,18,275,233,314,311,0,,,,,,
281,persona,0.7963546,9,606,226,736,464,0,,,,,,
281,persona,0.923772,2,1033,217,1277,717,0,,,,,,
281,persona,0.4406623,14,273,235,324,322,0,,,,,,
281,persona,0.13599266,18,275,233,314,312,0,,,,,,
282,persona,0.771971,9,612,226,747,476,0,,,,,,
282,persona,0.8952394,2,1057,214,1280,718,0,,,,,,
282,persona,0.43391708,14,273,234,324,321,0,,,,,,
282,persona,0.13827293,18,276,234,314,312,0,,,,,,
283,persona,0.79212517,9,620,226,757,487,0,,,,,,
283,persona,0.7929338,2,1083,218,1280,718,0,,,,,,
283,persona,0.4402742,14,273,234,324,321,0,,,,,,
283,persona,0.13328622,18,275,234,314,313,0,,,,,,
284,persona,0.82527775,9,627,226,768,499,0,,,,,,
284,persona,0.6185843,2,1127,268,1280,707,0,,,,,,
284,persona,0.44433656,14,272,235,324,322,0,,,,,,
284,persona,0.13321081,18,275,234,314,313,0,,,,,,
285,persona,0.7803874,9,632,226,779,509,0,,,,,,
285,persona,0.4404389,14,272,235,324,322,0,,,,,,
285,persona,0.12345394,18,275,234,314,313,0,,,,,,
286,persona,0.74738324,9,640,226,788,507,0,,,,,,
286,persona,0.443546,14,272,236,324,323,0,,,,,,
286,persona,0.13502172,18,275,234,314,314,0,,,,,,
287,persona,0.7483042,9,648,225,801,502,0,,,,,,
287,persona,0.43444493,14,272,236,324,322,0,,,,,,
287,persona,0.13580179,18,276,234,314,313,0,,,,,,
288,persona,0.8161471,9,656,224,815,515,0,,,,,,
288,persona,0.4262604,14,272,236,324,322,0,,,,,,
288,persona,0.12785652,18,275,234,314,313,0,,,,,,
289,persona,0.83020467,9,666,225,826,523,0,,,,,,
289,persona,0.41528493,14,273,234,322,321,0,,,,,,
290,persona,0.79221696,9,675,228,839,527,0,,,,,,
290,persona,0.3830334,14,273,233,322,320,0,,,,,,
291,persona,0.75711155,9,685,225,854,536,0,,,,,,
291,persona,0.37921685,14,274,233,321,320,0,,,,,,
292,persona,0.7964974,9,696,222,868,536,0,,,,,,
292,persona,0.3780299,14,274,233,321,320,0,,,,,,
293,persona,0.72478485,9,708,225,881,544,0,,,,,,
293,persona,0.39054987,14,273,234,322,321,0,,,,,,
294,persona,0.7670471,9,718,224,898,554,0,,,,,,
294,persona,0.390314,14,273,235,323,321,0,,,,,,
295,persona,0.73851556,9,729,223,914,557,0,,,,,,
295,persona,0.3926435,14,273,234,322,320,0,,,,,,
296,persona,0.7426686,9,742,218,931,561,0,,,,,,
296,persona,0.3842051,14,274,233,321,320,0,,,,,,
297,persona,0.81694114,9,754,216,949,577,0,,,,,,
297,persona,0.38329282,14,274,233,320,320,0,,,,,,
298,persona,0.8265145,9,767,218,965,579,0,,,,,,
298,persona,0.3872844,14,274,233,320,320,0,,,,,,
299,persona,0.8178339,9,781,219,987,581,0,,,,,,
299,persona,0.38434622,14,274,233,320,320,0,,,,,,
300,persona,0.831798,9,794,220,1011,592,0,,,,,,
300,persona,0.3847687,14,274,233,320,320,0,,,,,,
301,persona,0.8089949,9,809,217,1034,606,0,,,,,,
301,persona,0.3573724,14,274,233,319,320,0,,,,,,
302,persona,0.8560297,9,823,222,1063,566,0,,,,,,
302,persona,0.32624897,14,274,233,319,320,0,,,,,,
303,persona,0.882646,9,839,225,1090,591,0,,,,,,
303,persona,0.32331952,14,274,233,318,320,0,,,,,,
304,persona,0.87397665,9,858,224,1120,616,0,,,,,,
304,persona,0.33840024,14,274,233,319,320,0,,,,,,
305,persona,0.8643222,9,879,225,1150,640,0,,,,,,
305,persona,0.3261164,14,274,233,319,320,0,,,,,,
306,persona,0.8826946,9,898,227,1186,666,0,,,,,,
306,persona,0.315501,14,274,233,318,320,0,,,,,,
307,persona,0.8842975,9,921,229,1215,683,0,,,,,,
307,persona,0.31231236,14,274,233,318,320,0,,,,,,
308,persona,0.8991444,9,943,230,1256,705,0,,,,,,
308,persona,0.3011802,14,274,233,318,320,0,,,,,,
309,persona,0.8983594,9,967,222,1279,713,0,,,,,,
309,persona,0.28516102,14,274,233,318,320,0,,,,,,
310,persona,0.90792346,9,993,216,1280,716,0,,,,,,
310,persona,0.27920905,14,274,233,317,320,0,,,,,,
311,persona,0.91299677,9,1020,218,1280,718,0,,,,,,
311,persona,0.28457972,14,274,233,317,320,0,,,,,,
312,persona,0.89966214,9,1051,217,1280,718,0,,,,,,
312,persona,0.28319275,14,274,233,317,320,0,,,,,,
313,persona,0.8355651,9,1080,253,1280,720,0,,,,,,
313,persona,0.3571407,14,274,233,318,319,0,,,,,,
314,persona,0.41628173,9,1113,221,1280,719,0,,,,,,
314,persona,0.33873826,14,274,233,318,319,0,,,,,,
315,persona,0.33941802,14,274,233,318,319,0,,,,,,
316,persona,0.33963013,14,274,233,318,319,0,,,,,,
317,persona,0.3427302,14,274,233,318,319,0,,,,,,
318,persona,0.3439423,14,273,233,318,319,0,,,,,,
319,persona,0.34415933,14,273,233,318,319,0,,,,,,
320,persona,0.345005,14,273,233,318,319,0,,,,,,
321,persona,0.34644866,14,273,233,318,320,0,,,,,,
322,persona,0.34502795,14,273,233,319,320,0,,,,,,
323,persona,0.34834445,14,273,233,319,320,0,,,,,,
324,persona,0.35010347,14,273,233,319,320,0,,,,,,
325,persona,0.40876472,14,274,232,319,319,0,,,,,,
326,persona,0.42942342,14,274,232,320,319,0,,,,,,
327,persona,0.42810705,14,274,232,320,319,0,,,,,,
328,persona,0.4369287,14,274,232,320,319,0,,,,,,
329,persona,0.4378195,14,274,232,320,319,0,,,,,,
330,persona,0.4266709,14,274,232,320,319,0,,,,,,
331,persona,0.4264525,14,275,232,320,319,0,,,,,,
332,persona,0.43302152,14,274,232,320,319,0,,,,,,
333,persona,0.43836716,14,274,232,321,319,0,,,,,,
334,persona,0.43846118,14,274,232,321,319,0,,,,,,
335,persona,0.44070277,14,274,232,321,319,0,,,,,,
336,persona,0.44004777,14,274,232,321,319,0,,,,,,
337,persona,0.41411203,14,274,232,321,319,0,,,,,,
338,persona,0.41966936,14,274,232,321,319,0,,,,,,
339,persona,0.41499642,14,274,232,321,319,0,,,,,,
340,persona,0.4154262,14,274,232,321,319,0,,,,,,
341,persona,0.41704002,14,274,232,321,319,0,,,,,,
342,persona,0.41788423,14,274,232,321,319,0,,,,,,
343,persona,0.41475254,14,274,232,321,319,0,,,,,,
344,persona,0.4134819,14,274,232,321,319,0,,,,,,
345,persona,0.4137216,14,274,232,321,319,0,,,,,,
346,persona,0.41070673,14,274,232,321,319,0,,,,,,
347,persona,0.41962767,14,274,232,321,319,0,,,,,,
348,persona,0.41951612,14,274,232,321,319,0,,,,,,
349,persona,0.3809323,14,274,232,320,319,0,,,,,,
350,persona,0.38844967,14,274,232,319,319,0,,,,,,
351,persona,0.3817059,14,274,232,319,319,0,,,,,,
352,persona,0.41163543,14,273,233,322,321,0,,,,,,
353,persona,0.41287497,14,273,233,323,322,0,,,,,,
354,persona,0.42242846,14,273,233,323,322,0,,,,,,
355,persona,0.36764094,14,273,233,323,322,0,,,,,,
356,persona,0.36633506,14,273,233,323,322,0,,,,,,
357,persona,0.36653823,14,273,233,323,322,0,,,,,,
358,persona,0.36645168,14,273,233,323,322,0,,,,,,
359,persona,0.3611751,14,273,233,323,322,0,,,,,,
360,persona,0.36448655,14,273,233,322,322,0,,,,,,
361,persona,0.39763138,14,272,233,324,322,0,,,,,,
362,persona,0.35869262,14,272,233,324,322,0,,,,,,
363,persona,0.35580727,14,272,233,324,322,0,,,,,,
364,persona,0.35740727,14,272,233,324,322,0,,,,,,
365,persona,0.3573402,14,272,233,324,322,0,,,,,,
366,persona,0.36566728,14,272,233,324,322,0,,,,,,
367,persona,0.3511704,14,272,233,324,322,0,,,,,,
368,persona,0.36855987,14,272,232,324,322,0,,,,,,
369,persona,0.3635728,14,272,232,324,322,0,,,,,,
370,persona,0.3588049,14,272,232,324,322,0,,,,,,
371,persona,0.37455672,14,272,232,324,322,0,,,,,,
372,persona,0.3696083,14,272,232,324,322,0,,,,,,
373,persona,0.32325637,14,273,232,324,321,0,,,,,,
373,persona,0.31772745,45,280,231,312,291,0,,,,,,
374,persona,0.35073248,14,273,232,324,322,0,,,,,,
374,persona,0.3003918,45,280,231,312,290,0,,,,,,
375,persona,0.35425955,14,273,232,324,322,0,,,,,,
375,persona,0.30161917,45,280,231,312,290,0,,,,,,
